<?xml version="1.0" encoding="UTF-8"?>
<beans xmlns="http://www.springframework.org/schema/beans"
	xmlns:xsi="http://www.w3.org/2001/XMLSchema-instance" 
	xmlns:context="http://www.springframework.org/schema/context"
	xmlns:aop="http://www.springframework.org/schema/aop"
	xsi:schemaLocation="http://www.springframework.org/schema/aop 
        http://www.springframework.org/schema/aop/spring-aop-4.2.xsd
        http://www.springframework.org/schema/beans 
        http://www.springframework.org/schema/beans/spring-beans-4.2.xsd
        http://www.springframework.org/schema/context
        http://www.springframework.org/schema/context/spring-context-4.2.xsd">

	<!-- application properties -->
	<bean id="configuration"
		class="org.apache.commons.configuration.PropertiesConfiguration">
		<constructor-arg type="java.io.File"
			value="classpath:alarm-consumer.properties" />
	</bean>

	<!-- spring properties -->
	<bean
		class="org.springframework.beans.factory.config.PropertyPlaceholderConfigurer">
		<property name="location" value="classpath:alarm-consumer.properties" />
	</bean>

	<!-- Service, Repository Component Scan -->
	<context:component-scan base-package="kr.co.skinfosec.isap.drools.alarm">
		<context:include-filter type="annotation"
			expression="org.springframework.stereotype.Service" />
		<context:include-filter type="annotation"
			expression="org.springframework.stereotype.Repository" />
	</context:component-scan>

	<!-- AOP Common Logging -->
	<aop:config>
		<aop:aspect ref="oifLogging">
			<aop:around
				pointcut="execution(* kr.co.skinfosec.isap.drools.alarm.biz..*Service.*(..))"
				method="around" />
			<aop:around
				pointcut="execution(* kr.co.skinfosec.isap.drools.alarm.biz..*DAO.*(..))"
				method="around" />
		</aop:aspect>
		<aop:aspect ref="oifThrowableLogging">
			<aop:after-throwing
				pointcut="execution(* kr.co.skinfosec.isap.drools.alarm.biz..*Service.*(..))"
				method="afterThrowing" throwing="ex" />
			<aop:after-throwing
				pointcut="execution(* kr.co.skinfosec.isap.drools.alarm.biz..*DAO.*(..))"
				method="afterThrowing" throwing="ex" />
		</aop:aspect>
	</aop:config>

    <!-- mail  -->
    <bean id="emailSender" class="kr.co.skinfosec.isap.drools.alarm.common.sender.EmailSenderImpl" />
    <!-- sms -->
    <bean id="smsSender" class="com.skinfosec.ac.sender.SmsSenderImpl" />

</beans>
