<?xml version="1.0" encoding="UTF-8"?>

<beans xmlns="http://www.springframework.org/schema/beans"
    xmlns:xsi="http://www.w3.org/2001/XMLSchema-instance"
    xmlns:aop="http://www.springframework.org/schema/aop"
    xmlns:tx="http://www.springframework.org/schema/tx"
    xmlns:jdbc="http://www.springframework.org/schema/jdbc"
    xsi:schemaLocation="http://www.springframework.org/schema/aop
        http://www.springframework.org/schema/aop/spring-aop-4.2.xsd
        http://www.springframework.org/schema/beans   
        http://www.springframework.org/schema/beans/spring-beans-4.2.xsd        
        http://www.springframework.org/schema/tx
        http://www.springframework.org/schema/tx/spring-tx-4.2.xsd
        http://www.springframework.org/schema/jdbc 
        http://www.springframework.org/schema/jdbc/spring-jdbc-4.2.xsd" >
    
    <!-- DBCP dataSource -->
    <bean id="dataSource" class="org.apache.commons.dbcp.BasicDataSource" destroy-method="close">
        <property name="driverClassName" value="${isap.db.driver}" />
        <property name="url" value="${isap.db.url}" />
        <property name="username" value="${isap.db.username}" />
        <property name="password" value="${isap.db.password}" />
        <property name="maxActive" value="20" />
        <property name="maxIdle" value="10" />
        <property name="minIdle" value="10" />
        <property name="maxWait" value="-1" />
        <property name="initialSize" value="20" />
        <property name="poolPreparedStatements" value="true" />
        <property name="maxOpenPreparedStatements" value="100" />
        <property name="testOnBorrow" value="true" />
        <property name="testOnReturn" value="false" />
        <property name="testWhileIdle" value="false" />
        <property name="validationQuery" value="SELECT 'DROOLS'" />
    </bean>
    
    <bean id="dataSourceSms" class="org.apache.commons.dbcp.BasicDataSource"
    destroy-method="close">
    <property name="driverClassName" value="${sms.jdbc.driver}" />
    <property name="url" value="${sms.jdbc.crypto.url}" />
    <property name="username" value="${sms.jdbc.crypto.username}" />
    <property name="password" value="${sms.jdbc.crypto.password}" />
    <property name="maxActive" value="100" />
    <property name="maxIdle" value="10" />
    <property name="maxWait" value="180" />
    <property name="validationQuery" value="select 1" />
  </bean>
<!--  
    <bean id="dataSourceSpied" class="net.sf.log4jdbc.sql.jdbcapi.DataSourceSpy">
        <constructor-arg ref="dataSource" />
    </bean>
-->    
    <!-- DBCP session factory --> 
    <bean id="sqlSessionFactory" class="org.mybatis.spring.SqlSessionFactoryBean">
        <property name="dataSource" ref="dataSource" />
        <property name="configLocation" value="classpath:mybatis/configuration.xml" />
    </bean>
    
    <!-- DBCP session -->
    <bean id="sqlSession" class="org.mybatis.spring.SqlSessionTemplate">
        <constructor-arg index="0" ref="sqlSessionFactory" />
    </bean>
    
    <!-- transaction --> 
    <bean id="transactionManager" class="org.springframework.jdbc.datasource.DataSourceTransactionManager">
        <property name="dataSource" ref="dataSource" />
    </bean>
    
    <bean id="transactionTemplate" class="org.springframework.transaction.support.TransactionTemplate">
        <property name="transactionManager" ref="transactionManager" />
    </bean>
    

</beans>