<?xml version="1.0" encoding="UTF-8"?>
<beans xmlns="http://www.springframework.org/schema/beans"
	xmlns:xsi="http://www.w3.org/2001/XMLSchema-instance"
	xmlns:context="http://www.springframework.org/schema/context"
	xmlns:task="http://www.springframework.org/schema/task"
	xmlns:int="http://www.springframework.org/schema/integration"
	xmlns:int-kafka="http://www.springframework.org/schema/integration/kafka"
	xsi:schemaLocation="http://www.springframework.org/schema/aop
        http://www.springframework.org/schema/aop/spring-aop-4.2.xsd
        http://www.springframework.org/schema/beans
        http://www.springframework.org/schema/beans/spring-beans-4.2.xsd
        http://www.springframework.org/schema/task
        http://www.springframework.org/schema/task/spring-task-4.2.xsd
	    http://www.springframework.org/schema/integration/kafka
	    http://www.springframework.org/schema/integration/kafka/spring-integration-kafka.xsd
	    http://www.springframework.org/schema/integration
	    http://www.springframework.org/schema/integration/spring-integration.xsd
        http://www.springframework.org/schema/context
        http://www.springframework.org/schema/context/spring-context-4.2.xsd">

	<int:channel id="inputFromKafka" >
		<int:dispatcher  task-executor="kafkaMessageExecutor" />
	</int:channel>

	<int-kafka:inbound-channel-adapter 
		id="kafkaInboundChannelAdapter" kafka-consumer-context-ref="consumerContext"
		auto-startup="true" channel="inputFromKafka">
		<int:poller fixed-delay="10" time-unit="MILLISECONDS" max-messages-per-poll="5" />
	</int-kafka:inbound-channel-adapter>

    <bean id="consumerProperties"
        class="org.springframework.beans.factory.config.PropertiesFactoryBean">
        <property name="properties">
            <props>
                <prop key="auto.offset.reset">smallest</prop>
                <prop key="socket.receive.buffer.bytes">10485760</prop> <!-- 10M -->
                <prop key="fetch.message.max.bytes">5242880</prop>
                <prop key="auto.commit.interval.ms">1000</prop>
            </props>
        </property>
    </bean>
    
	<int-kafka:consumer-context id="consumerContext"
		consumer-timeout="100" zookeeper-connect="zookeeperConnect"
		consumer-properties="consumerProperties">
		<int-kafka:consumer-configurations>
			<int-kafka:consumer-configuration group-id="alarm_consumer" value-decoder="decoder" max-messages="500">
				<int-kafka:topic id="${isap.kafka.topic}" streams="4" />
			</int-kafka:consumer-configuration>
		</int-kafka:consumer-configurations>
	</int-kafka:consumer-context>
  
	<bean id="decoder" class="org.springframework.integration.kafka.serializer.common.StringDecoder" />

	<int-kafka:zookeeper-connect id="zookeeperConnect"
		zk-connect="${isap.kafka.zookeeper}" zk-connection-timeout="6000"
		zk-session-timeout="6000" zk-sync-time="2000" />

	<task:executor id="kafkaMessageExecutor" pool-size="1-20" keep-alive="200" queue-capacity="5000"  />

	<int:outbound-channel-adapter channel="inputFromKafka" auto-startup="true" ref="kafkaConsumer" method="process" />

	<bean id="kafkaConsumer" class="kr.co.skinfosec.isap.drools.alarm.biz.KafkaConsumer" />

	<task:executor id="kafkaConsumerExecutor" pool-size="20" />
	
	<task:annotation-driven executor="kafkaConsumerExecutor" />


</beans>