<?xml version="1.0" encoding="UTF-8"?>

<beans xmlns="http://www.springframework.org/schema/beans"
    xmlns:xsi="http://www.w3.org/2001/XMLSchema-instance"
    xmlns:mvc="http://www.springframework.org/schema/mvc"
    xsi:schemaLocation="http://www.springframework.org/schema/beans
        http://www.springframework.org/schema/beans/spring-beans-4.2.xsd
        http://www.springframework.org/schema/mvc
        http://www.springframework.org/schema/mvc/spring-mvc-4.2.xsd">

    <!-- Logging -->
    <bean id="oifLogging" class="kr.co.skinfosec.isap.drools.alarm.common.aop.LoggingAspect" />
    <bean id="oifThrowableLogging" class="kr.co.skinfosec.isap.drools.alarm.common.aop.ThrowableLoggingAspect" />
    
    <bean class="kr.co.skinfosec.isap.drools.alarm.common.CryptoPropertyPlaceholderConfigurer">
	    <property name="ignoreUnresolvablePlaceholders" value="true" />
	    <property name="systemPropertiesModeName" value="SYSTEM_PROPERTIES_MODE_OVERRIDE"/>
		<property name="locations">
			<list>
				<value>classpath:config/${APP_ENV:PRO}.database.properties</value>
				<value>classpath:config/${APP_ENV:PRO}.info.properties</value>
			</list>
		</property>
	</bean>

    <!-- dispatcher xml import -->
    <import resource="classpath*:spring/*-context.xml" />
    
</beans>
