<?xml version="1.0" encoding="UTF-8"?>
<!DOCTYPE mapper PUBLIC "-//mybatis.org//DTD Mapper 3.0//EN" "http://mybatis.org/dtd/mybatis-3-mapper.dtd">
<mapper namespace="kr.co.skinfosec.isap.drools.commonDao">

	<select id="selectCodeName" parameterType="java.lang.String" resultType="java.lang.String">
		<![CDATA[
			select get_codename(#{code})
		]]>
	</select>
	
	<select id="selectCodeList" parameterType="kr.co.skinfosec.isap.drools.alarm.biz.dto.CodeVO" resultType="kr.co.skinfosec.isap.drools.alarm.biz.dto.CodeVO">
		SELECT
			code_name as codeName
			, code as code
			, phase as phase
			, step as step
			, parent_code as parentCode
			, comment as comment
			, use_yn as useYn
			, reg_user_id as regUserId
			, reg_date as regDate
			, mod_user_id as modUserId
			, mod_date as modDate
		FROM code
		<if test="parentCode != null and parentCode != ''">
			<![CDATA[ WHERE parent_code = #{parentCode} ]]>
		</if>
		order by step
	</select>
	
	<select id="selectCompanyName" parameterType="java.lang.Long" resultType="java.lang.String">
		select company_name as companyName from company_info 
		where company_seq = cast(#{companySeq} as bigint)
	</select>
	
	<select id="selectCurrentTimeWorkingMemberList" resultType="kr.co.skinfosec.isap.drools.alarm.biz.dto.WorkSchdDTO">
		<![CDATA[ 
			SELECT 
				a.work_seq as workSeq
				, a.work_start_datetime as workStartDatetime
				, a.work_end_datetime as workEndDatetime
				, b.work_schedule_member_seq as workScheduleMemberSeq
				, b.member_seq as memberSeq
				, b.member_user_id as memberUserId
				, b.member_user_name as memberUserName
				, b.description as description
				, b.role_code as roleCode
				, get_codename(b.role_code) as roleCodeName
				, b.assign_ticket_count as assignTicketCount
			FROM work_schedule a join work_schedule_member b on a.work_seq = b.work_seq
			where now() between a.work_start_datetime and a.work_end_datetime
		 ]]>
	</select>
	
	<update id="updateTicketCountData" parameterType="kr.co.skinfosec.isap.drools.alarm.biz.dto.WorkSchdDTO">
		UPDATE work_schedule_member
		SET assign_ticket_count= assign_ticket_count + 1
			, mod_user_id=  #{modUserId}
			, mod_date=now()
		WHERE assign_ticket_count = #{workScheduleMemberSeq}
	</update>
</mapper>