<?xml version="1.0" encoding="UTF-8"?>
<!DOCTYPE configuration PUBLIC "-//mybatis.org//DTD Config 3.0//EN" "http://mybatis.org/dtd/mybatis-3-config.dtd">
    
<configuration>
   
    <settings>
        <setting name="useGeneratedKeys" value="true" />
        <setting name="defaultExecutorType" value="REUSE" />
    </settings>

    <!-- typeAliases -->
    <typeAliases></typeAliases>
    
    <!-- SQL Mappers -->
    <mappers>
        <mapper resource="mybatis/mapper-alarm-consumer.xml" />
        <mapper resource="mybatis/ticket.xml" />
        <mapper resource="mybatis/common.xml" />
    </mappers>

</configuration>