<?xml version="1.0" encoding="UTF-8"?>
<!DOCTYPE mapper PUBLIC "-//mybatis.org//DTD Mapper 3.0//EN" "http://mybatis.org/dtd/mybatis-3-mapper.dtd">

<mapper namespace="alarm_process">

	<select id="selectFaultDetection" resultType="string">
		SELECT
		(CASE WHEN COUNT(SEQ) = 0 THEN 'N' ELSE 'Y' END) AS CNT
		FROM
		ALARM_FAULT_DETECTION
		WHERE (COMPANY_SEQ = 0 OR COMPANY_SEQ =
		#{companyId})
		<if test="inetAgentIp == null">
			AND (CASE WHEN AGENT_IP IS NULL THEN TRUE ELSE FALSE END)
		</if>
		<if test="inetAgentIp != null">
			AND (CASE WHEN AGENT_IP IS NULL THEN TRUE ELSE AGENT_IP =
			#{inetAgentIp}
			END)
		</if>
		AND (CASE WHEN RULE_ID IS NULL THEN TRUE ELSE RULE_ID = #{ruleId} END)
		AND (CASE WHEN SIGNATURE IS NULL THEN TRUE ELSE SIGNATURE =
		#{signature} END)
		<if test="inetSrcIp == null">
			AND (CASE WHEN START_SRC_IP IS NULL THEN TRUE ELSE FALSE
			END)
		</if>
		<if test="inetSrcIp != null">
            <![CDATA[            
            AND (CASE WHEN START_SRC_IP IS NULL
                      THEN TRUE
                      ELSE (CASE WHEN END_SRC_IP IS NULL
                                 THEN START_SRC_IP = #{inetSrcIp}
                                 ELSE (START_SRC_IP <= #{inetSrcIp} AND END_SRC_IP >= #{inetSrcIp})
                            END)
                 END)
            ]]>
		</if>
		<if test="destSrcIp == null">
			AND (CASE WHEN START_DEST_IP IS NULL THEN TRUE ELSE FALSE
			END)
		</if>
		<if test="destSrcIp != null">
            <![CDATA[
            AND (CASE WHEN START_DEST_IP IS NULL
                      THEN TRUE
                      ELSE (CASE WHEN END_DEST_IP IS NULL
                                 THEN START_DEST_IP = #{inetDestIp}
                                 ELSE (START_DEST_IP <= #{inetDestIp} AND END_DEST_IP >= #{inetDestIp})
                            END)
                 END)
            ]]>
		</if>
	</select>
	<select id="selectcompanyGroupSeq" resultType="java.lang.Long">
		SELECT
		COMPANY_GROUP_SEQ
		FROM COMPANY_INFO
		WHERE COMPANY_SEQ = #{companyId}
	</select>

	<select id="selectAlarmGroupResultSeq" resultType="java.lang.Long">
		SELECT
		ALARM_GROUP_RESULT_SEQ
		FROM ALARM_GROUP_RESULT
		WHERE COMPANY_SEQ =
		#{companyId} AND DETECT_NAME = #{detectType} AND RULE_SEQ = #{ruleId}
		AND DETECTED_STRDATE = #{detectedStrDate}
	</select>

	<select id="selectReportSent" resultType="java.lang.Integer">
		SELECT
		COUNT(*)
		FROM
		(SELECT
		RESULT_SEQ
		FROM
		ALARM_RESULT WHERE COMPANY_SEQ = #{companyId} AND
		RULE_ID = #{ruleId} AND
		DETECT_TYPE = #{detectType} AND AGENT_IP =
		#{agentIp} AND SRC_IP =
		#{srcIp} AND LOG_DTTM >
	<if test="detectDttm == null">
			now() - interval '6 hours'
	</if>
	<if test="detectDttm != null">
			#{detectDttm}::timeStamp - interval '6 hours'
	</if>
		) A,
		(SELECT ALARM_RESULT_SEQ FROM ALARM_MAIL_HISTORY WHERE SEND_DATE >
	<if test="detectDttm == null">
			now() - interval '6 hours'
	</if>
	<if test="detectDttm != null">
			#{detectDttm}::timeStamp - interval '6 hours'
	</if>
		) B
		WHERE
		A.RESULT_SEQ = B.ALARM_RESULT_SEQ;
	</select>


	<insert id="insertAlarmGroupResult">

		INSERT
		INTO
		ALARM_GROUP_RESULT(
		ALARM_GROUP_RESULT_SEQ,
		DETECTED_STRDATE,
		COMPANY_GROUP_SEQ,
		COMPANY_GROUP_NAME,
		COMPANY_SEQ,
		COMPANY_NAME,
		RULE_SEQ,
		RULE_NM,
		RULE_SEVERITY,
		DETECT_NAME,
		REG_USER_ID,
		REG_DATE
		)
		VALUES (
		(SELECT NEXTVAL('alarm_group_result_seq')),
		#{detectedStrDate},
		#{companyGroupId},
		(SELECT COMPANY_GROUP_NAME FROM
		COMPANY_GROUP WHERE
		COMPANY_GROUP_SEQ =
		#{companyGroupId}),
		#{companyId},
		(SELECT COMPANY_NAME
		FROM COMPANY_INFO WHERE COMPANY_SEQ =
		#{companyId}),
		#{ruleId},
		#{ruleNm},
		(SELECT SEVERITY_CODE FROM
		RULE_INFO WHERE RULE_ID = #{ruleId}),
		#{detectType},
		'admin',
		now()

		)
	</insert>

<!--
	<insert id="insertAlarmGroupResult">

		INSERT
		INTO
		ALARM_GROUP_RESULT(
		ALARM_GROUP_RESULT_SEQ,
		DETECTED_STRDATE,
		COMPANY_GROUP_SEQ,
		COMPANY_GROUP_NAME,
		COMPANY_SEQ,
		COMPANY_NAME,
		RULE_SEQ,
		RULE_NM,
		RULE_SEVERITY,
		DETECT_NAME,
		REG_USER_ID,
		REG_DATE
		)
		VALUES (
		(SELECT NEXTVAL('alarm_group_result_seq')),
		#{detectedStrDate},
		#{companyGroupId},
		(SELECT COMPANY_GROUP_NAME FROM
		COMPANY_GROUP WHERE
		COMPANY_GROUP_SEQ =
		#{companyGroupId}),
		#{companyId},
		(SELECT COMPANY_NAME
		FROM COMPANY_INFO WHERE COMPANY_SEQ =
		#{companyId}),
		#{ruleId},
		#{ruleNm},
		(SELECT SEVERITY_CODE FROM
		RULE_INFO WHERE RULE_ID = #{ruleId} AND rule_type = #{detectType}),
		#{detectType},
		'admin',
		now()

		)
	</insert>
-->



	<select id="selectAlarmResultSeq" resultType="long">
		SELECT
		NEXTVAL('ALARM_RESULT_SEQ')
	</select>

	<insert id="insertAlarmResult">
		INSERT INTO ALARM_RESULT (
		ALARM_GROUP_RESULT_SEQ,
		RESULT_SEQ,
		LOG_DTTM,
		SPARK_DTTM,
		DETECT_TYPE,
		KIE_SERVER_ID,
		RULE_ID,
		RULE_NM,
		ALARM_DUP_YN,
		FAULT_DETECTION_YN,
		COMPANY_SEQ,
		COMPANY_NM,
		COMPANY_GROUP_SEQ,
		COMPANY_GROUP_NM,
		EVENT_NM,
		SIGNATURE,
		DEVICE_TYPE,
		VENDOR,
		AGENT_IP,
		SRC_IP,
		SRC_COUNTRY,
		SRC_PORT,
		SRC_MAC,
		DEST_IP,
		DEST_COUNTRY,
		DEST_PORT,
		DEST_MAC,
		COUNT,
		START_DTTM,
		END_DTTM,
		INS_DTTM,
		REPORT_YN,
		CONDUCT_SECTION,
		ALERT_MAIL_YN,
		CONDUCT_HISTORY_YN,
		FILTER_YN,
		AUTO_YN,
		TICKET_SEQ
		) VALUES (
		#{alarmGroupResultSeq},
		#{resultSeq},
		#{tsDetectDttm},
		#{tsSparkDttm},
		#{detectType},
		#{kieServerId},
		#{ruleId},
		#{ruleNm},
		#{alarmDupYn},
		#{faultDetectionYn},
		#{companyId},
		(SELECT COMPANY_NAME
		FROM COMPANY_INFO
		WHERE COMPANY_SEQ = #{companyId}),
		#{companyGroupId},
		(SELECT
		COMPANY_GROUP_NAME FROM COMPANY_GROUP WHERE
		COMPANY_GROUP_SEQ =
		#{companyGroupId}),
		#{eventNm},
		#{signature},
		#{deviceType},
		#{vendor},
		#{agentIp},
		#{srcIp},
		#{srcCountry},
		#{srcPort},
		#{srcMac},
		#{destIp},
		#{destCountry},
		#{destPort},
		#{destMac},
		#{count},
		#{tsStartDttm},
		#{tsEndDttm},
		NOW(),
		<if test="reportYn == null">
			'N',
		</if>
		<if test="reportYn != null">
			#{reportYn},
		</if>
		<if test="conductSection == null">
			'NN',
		</if>
		<if test="conductSection != null">
			#{conductSection},
		</if>
		'N',
		<if test="conductHistoryYn == null">
			'N',
		</if>
		<if test="conductHistoryYn != null">
			#{conductHistoryYn},
		</if>
		<if test="filterYn == null">
			'N',
		</if>
		<if test="filterYn != null">
			#{filterYn},
		</if>
		<if test="autoYn == null">
			'N',
		</if>
		<if test="autoYn != null">
			#{autoYn},
		</if>
		#{ticketSeq}
		)
	</insert>

	<select id="selectCompanyGroupId" resultType="int">
		SELECT
		COMPANY_GROUP_SEQ
		FROM COMPANY_INFO
		WHERE COMPANY_SEQ = #{value}
	</select>

	<select id="selectElasticSearchCompanyIndexId" resultType="int">
		SELECT PARTITION_ID
		FROM ISAP_CUSTOMER_MAPPING_INFO
		WHERE COMPANY_SEQ =
		#{value}
	</select>

	<select id="selectElasticSearchCompanyGroupIndexId" resultType="int">
		SELECT PARTITION_ID
		FROM ISAP_CUSTOMER_MAPPING_INFO
		WHERE COMPANY_SEQ IN
		( SELECT COMPANY_SEQ
		FROM COMPANY_INFO
		WHERE COMPANY_GROUP_SEQ =
		#{value} )
		GROUP BY PARTITION_ID
		ORDER BY PARTITION_ID
	</select>

	<select id="selectSuppression" resultType="hashmap">
		SELECT
		(select code_name from code where code = ri.rule_type ) AS RULE_TYPE,
		RULE_ID,
		SUPPRESSION
		FROM
		RULE_INFO as ri
		WHERE
		USE_YN = 'Y' AND SUPPRESSION != 60
	</select>



	<select id="selectAutoReportRules" resultType="String">
		SELECT
		(select code_name from code where code = ri.rule_type and parent_code = 'RRTC')||
		RULE_ID
		FROM
		RULE_INFO as ri
		WHERE
		AUTO_REPORT_YN = 'Y' AND USE_YN = 'Y'
	</select>

<!--	<select id="selectAutoReportRules" resultType="String">
		SELECT
		RULE_TYPE ||
		RULE_ID
		FROM
		RULE_INFO
		WHERE
		AUTO_REPORT_YN = 'Y' AND USE_YN = 'Y'
	</select>
-->
	<select id="selectViewFilter" resultType="hashmap">
		SELECT
		COMPANY_SEQ,
		RULE_SEQ,
		DETECT_TYPE,
		AGENT_IP,
		SRC_IP,
		SRC_IP_RANGE,
		DEST_IP,
		DEST_IP_RANGE
		FROM
		ALL_EVENT_FILTER
		WHERE
		USE_YN = 'Y' AND REPORT_YN = 'N'
	</select>

	<select id="selectReportFilter" resultType="hashmap">
		SELECT
		COMPANY_SEQ,
		RULE_SEQ,
		DETECT_TYPE,
		AGENT_IP,
		SRC_IP,
		SRC_IP_RANGE,
		DEST_IP,
		DEST_IP_RANGE
		FROM
		ALL_EVENT_FILTER
		WHERE
		USE_YN = 'Y' AND REPORT_YN = 'Y'
	</select>


	<select id="selectElasticSearchQuery" resultType="string">
		SELECT
		ALARM_RULE_ES_CONDITION_OUTPUT
		FROM ALARM_RULE
		WHERE ALARM_RULE_ID =
		#{value}
	</select>

	<select id="selectCorrelationRuleElasticSearchQuery" resultType="string">
		SELECT COR_RULE_ES_CONDITION_OUTPUT
		FROM COR_RULE
		WHERE COR_RULE_ID =
		#{value}
	</select>

	<insert id="insertAlarmResultDetail">
		INSERT INTO ALARM_RESULT_DETAIL (
		RESULT_SEQ,
		RESULT_DETAIL_SEQ,
		DATA_TYPE,
		FAULT_DETECTION_YN,
		ROWKEY,
		ES_QUERY,
		CATEGORY1,
		CATEGORY2,
		CATEGORY3,
		COMPANY_SEQ,
		COMPANY_NM,
		COMPANY_GROUP_SEQ,
		COMPANY_GROUP_NM,
		DEVICE_TYPE,
		DEVICE_MODEL,
		VENDOR,
		EVENT_NM,
		INFOSEC_SEVERITY,
		DEVICE_SEVERITY,
		SRC_COUNTRY,
		DEST_COUNTRY,
		SRC_IP,
		SRC_PORT,
		DEST_IP,
		DEST_PORT,
		PROTOCOL,
		SIGNATURE,
		AGENT_IP,
		CODE,
		COUNT,
		SRC_DIRECTION,
		DEST_DIRECTION,
		START_DTTM,
		END_DTTM,
		LOG_DTTM,
		SPARK_DTTM,
		RULE_ACTION,
		RCVD_BYTES,
		SENT_BYTES,
		MESSAGE_ID,
		SRC_ZONE,
		DEST_ZONE,
		SERVICE,
		DURATION,
		ACL_NM,
		ACTION,
		NAGIOS_CPU,
		NAGIOS_MEM,
		NAGIOS_BPS,
		NAGIOS_PPS,
		NAGIOS_SESSION,
		NAGIOS_PING,
		NAGIOS_TCP,
		NAGIOS_HTTP,
		NAGIOS_HTTPS,
		NAGIOS_SNMP,
		STRING,
		RAW_DATA,
		URL,
		URI,
		URI_PARAMS,
		PAYLOAD,
		HEADER,
		FILE_TYPE,
		FILE_HASH,
		RECIPIENT,
		SENDER,
		ATTACHMENT,
		SRC_MAC,
		DEST_MAC,
		INS_DTTM
		) VALUES (
		#{resultSeq},
		NEXTVAL('alarm_result_detail_seq'),
		#{dataType},
		<if test="faultDetectionYn == null">
			'N',
		</if>
		<if test="faultDetectionYn != null">
			#{faultDetectionYn},
		</if>
		#{rowkey},
		#{esQuery},
		#{category1},
		#{category2},
		#{category3},
		#{companyId},
		(SELECT COMPANY_NAME FROM COMPANY_INFO WHERE
		COMPANY_SEQ
		=
		#{companyId}),
		#{companyGroupId},
		(SELECT
		COMPANY_GROUP_NAME FROM
		COMPANY_GROUP WHERE COMPANY_GROUP_SEQ =
		#{companyGroupId}),
		#{deviceType},
		#{deviceModel},
		#{vendor},
		#{eventNm},
		#{infosecSeverity},
		#{deviceSeverity},
		#{srcCountry},
		#{destCountry},
		#{srcIp},
		#{srcPort},
		#{destIp},
		#{destPort},
		#{protocol},
		#{signature},
		#{agentIp},
		#{code},
		#{count},
		#{srcDirection},
		#{destDirection},
		#{tsStartDttm},
		#{tsEndDttm},
		#{tsLogDttm},
		#{tsSparkDttm},
		#{ruleAction},
		#{rcvdBytes},
		#{sentBytes},
		#{messageId},
		#{srcZone},
		#{destZone},
		#{service},
		#{duration},
		#{aclNm},
		#{action},
		#{nagiosCpu},
		#{nagiosMem},
		#{nagiosBps},
		#{nagiosPps},
		#{nagiosSession},
		#{nagiosPing},
		#{nagiosTcp},
		#{nagiosHttp},
		#{nagiosHttps},
		#{nagiosSnmp},
		#{string},
		#{rawData},            
		#{url},
		#{uri},
		#{uriParams},
		#{payload},
		#{header},
		#{fileType},
		#{fileHash},
		#{recipient},
		#{sender},
		#{attachment},
		#{srcMac},
		#{destMac},
		NOW()
		)
	</insert>

	<insert id="insertConduct">
		/* nagios.insertConduct */
		insert into alarm_conduct_history (
		alarm_result_seq,
		decide_memo,
		conduct_section,
		file_name,
		server_file_name,
		reg_user_id,
		reg_date
		) values (
		#{alarmResultSeq},
		#{decideMemo},
		#{conductSection},
		#{fileName},
		#{serverFileName},
		#{regUserId},
		now()
		)
	</insert>

	<insert id="insertMail">
		/* nagios.insertMail */
		insert into alarm_mail_history (
		alarm_result_seq,
		receiver_list,
		send_type_flag,
		mail_content,
		mail_title,
		send_date,
		reg_user_id,
		reg_date
		) values (
		#{alarmResultSeq},
		#{receiverEmail},
		#{sendTypeFlag},
		#{mailContent},
		#{mailTitle},
		#{sendDate},
		#{regUserId},
		now()
		)
	</insert>
	<select id="selectEmailSendInfo" resultType="hashmap">
	select  (
    	select  string_agg(cm.company_manager_1_email, ';') from public.company_manager cm
          where cm.company_seq  = ${companySeq}
          and substring(cm.email_send_option_number from 7 for 1) = '1'
          ) receiver_email
         ,   (
    	select  ci.company_name from company_info ci 
          where ci.company_seq  = ${companySeq}
        ) company_name
       , ari.take_action_description AS take_action_description 
       ,
       (select code_name from code where code = ari.rule_type and parent_code = 'RRTC') AS rule_type
          , ari.take_b_action_description AS take_b_action_description
          , ari.comment as comment 
          , ( select cd.code_name from code cd where cd.parent_code = 'ATTK' and cd.code = ari.attack_code ) attack_code_name
         , ( select cd.code_name from code cd where cd.parent_code = 'SEVE' and  cd.code = ari.severity_code ) severity_code_name 
       , ari.description as description
        , ari.rule_name as rule_name
	from rule_info ari
	where rule_id = ${ruleId}
	</select>
	<select id="selectReportSmsReceiverList" parameterType="java.lang.String" resultType="java.util.Map">
  /* nagios.selectReportSmsReceiverList */
  select
      company_manager_name AS receiverName
      ,company_manager_mobile AS receiverMobile
    from
      public.company_manager
    where company_seq::text = #{companySeq}
      and substring(email_send_option_number from 3 for 1) = '1'
  </select>
  
    <insert id="insertSms" parameterType="kr.co.skinfosec.isap.drools.alarm.biz.dto.AlarmSmsHistoryVO">
	  /* nagios.insertSms */
	    insert into   alarm_sms_history (
	    alarm_result_seq,
	    receiver_mobile,
	    receiver_name,
	    send_message,
	    send_date,
	    reg_user_id,
	    reg_date
	     ) values (
	    #{alarmResultSeq},
	    #{receiverMobile},
	    #{receiverName},
	    #{sendMessage},
	    now(),
	    #{regUserId},
	    now()
	     )

	  <selectKey  resultType="long" order="AFTER" keyProperty="param.smsSeq">
	    select currval('alarm_sms_history_sms_seq_seq') as smsSeq
	  </selectKey>
  </insert>
	
	
</mapper>