<?xml version="1.0" encoding="UTF-8"?>
<!DOCTYPE mapper PUBLIC "-//mybatis.org//DTD Mapper 3.0//EN" "http://mybatis.org/dtd/mybatis-3-mapper.dtd">

<mapper namespace="ticketApi">

	<select id="selectCheckTicketList" parameterType="kr.co.skinfosec.isap.drools.alarm.biz.dto.TicketAPIDTO" resultType="kr.co.skinfosec.isap.drools.alarm.biz.dto.TicketVO">
		<![CDATA[
			SELECT
				a.ticket_seq as ticketSeq
				, a.automation_yn as automationYn
				, a.company_seq as companySeq
				, a.company_name as companyName
				, a.request_1_code as request1Code
				, a.request_2_code as request2Code
				, a.request_3_code as request3Code
				, a.assign_section as assignSection
				, a.assign_seq as assignSeq
				, a.subject_name as subjectName
				, a.request_description as requestDescription
				, a.description as description
				, a.status_code as statusCode
				, a.approval_id as approvalId
				, a.priority_code as priorityCode
				, a.alert_section as alertSection
				, a.alert_strmmdd as alertStrmmdd
				, a.alert_strtime as alertStrtime
				, a.alert_mon_yn as alertMonYn
				, a.alert_tue_yn as alertTueYn
				, a.alert_wed_yn as alertWedYn
				, a.alert_thu_yn as alertThuYn
				, a.alert_fri_yn as alertFriYn
				, a.alert_sat_yn as alertSatYn
				, a.alert_sun_yn as alertSunYn
				, to_char(a.open_date, 'YYYY-MM-DD HH24:MI:SS') as openDate
				, to_char(a.first_assign_date, 'YYYY-MM-DD HH24:MI:SS') as firstAssignDate
				, to_char(a.last_date, 'YYYY-MM-DD HH24:MI:SS') as lastDate
				, to_char(a.close_date, 'YYYY-MM-DD HH24:MI:SS') as closeDate
				, to_char(a.due_date, 'YYYY-MM-DD HH24:MI:SS') as dueDate
				, to_char(a.reg_date, 'YYYY-MM-DD HH24:MI:SS') as regDate
				, a.reg_user_id as regUsrId
				, to_char(a.mod_date, 'YYYY-MM-DD HH24:MI:SS') as modDate
				, a.mod_user_id as modUsrId
				, a.workflow_current_step_name as workflowCurrentStepName
				, a.extra_yn as extraYn
				, a.result
				, a.alert_yn as alertYn
			FROM ticket a, ticket_history b
			WHERE a.ticket_seq = b.ticket_seq
			AND a.request_1_code = #{request1Code}
			AND a.request_2_code = #{request2Code}
			AND a.request_3_code = #{request3Code}
			AND b.task_pk_seq = #{taskPkSeq}
			GROUP BY a.ticket_seq, a.automation_yn, a.company_seq, a.company_name, a.request_1_code, a.request_2_code, a.request_3_code
					, a.assign_section, a.assign_seq, a.subject_name, a.request_description, a.description
					, a.status_code, a.approval_id, a.priority_code, a.open_date, a.first_assign_date, a.last_date, a.close_date, a.due_date
					, a.workflow_current_step_name, a.extra_yn, a.reg_date, a.reg_user_id, a.mod_date, a.mod_user_id
		]]>
	</select>
		
	<select id="selectTicketHistoryList" parameterType="kr.co.skinfosec.isap.drools.alarm.biz.dto.TicketAPIDTO" resultType="kr.co.skinfosec.isap.drools.alarm.biz.dto.TicketHistoryVO">
		SELECT 
			ticket_history_seq as ticketHistorySeq
			, ticket_seq as ticketSeq
			, current_event_id as currentEventId
			, current_event_name as currentEventName
			, current_event_member_id as currentEventMemberId
			, incoming_flow_id as incomingFlowId
			, incoming_flow_name as incomingFlowName
			, incoming_source_id as incomingSourceId
			, incoming_target_id as incomingTargetId
			, outgoing_flow_id as outgoingFlowId
			, outgoing_flow_name as outgoingFlowName
			, outgoing_source_id as outgoingSourceId
			, outgoing_target_id as outgoingTargetId
			, outgoing_target_member_id as outgoingTargetMemberId
			, task_pk_seq as taskPkSeq
			, description
			, reg_date as regDate
			, reg_user_id as regUsrId
		FROM ticket_history
		WHERE 1=1
		<if test="ticketSeq != null and ticketSeq > 0">
			<![CDATA[ AND ticket_seq = #{ticketSeq} ]]>
		</if>
		<if test="taskPkSeq != null and taskPkSeq > 0">
			<![CDATA[ AND task_pk_seq = #{taskPkSeq} ]]>
		</if>
		ORDER BY reg_date
	</select>
	
	<select id="selectTicketHistoryData" parameterType="kr.co.skinfosec.isap.drools.alarm.biz.dto.TicketHistoryVO" resultType="kr.co.skinfosec.isap.drools.alarm.biz.dto.TicketHistoryVO">
		SELECT 
			ticket_history_seq as ticketHistorySeq
			, ticket_seq as ticketSeq
			, current_event_id as currentEventId
			, current_event_name as currentEventName
			, current_event_member_id as currentEventMemberId
			, incoming_flow_id as incomingFlowId
			, incoming_flow_name as incomingFlowName
			, incoming_source_id as incomingSourceId
			, incoming_target_id as incomingTargetId
			, outgoing_flow_id as outgoingFlowId
			, outgoing_flow_name as outgoingFlowName
			, outgoing_source_id as outgoingSourceId
			, outgoing_target_id as outgoingTargetId
			, outgoing_target_member_id as outgoingTargetMemberId
			, task_pk_seq as taskPkSeq
			, reg_date as regDate
			, reg_user_id as regUsrId
		FROM ticket_history
		WHERE ticket_seq = #{ticketSeq}
	</select>
	
	<select id="selectGetWorkflow" parameterType="kr.co.skinfosec.isap.drools.alarm.biz.dto.TicketAPIDTO" resultType="java.lang.String">
		select workflow from ticket_code where code = #{request3Code}
	</select>
	
	<insert id="insertTicketAPIData" parameterType="kr.co.skinfosec.isap.drools.alarm.biz.dto.TicketAPIDTO">
		INSERT INTO ticket(
            automation_yn
            , company_seq
            , request_1_code
            , request_2_code
            , request_3_code
            , assign_section
            , assign_seq
            , subject_name
            , request_description
            , description
            , status_code
            , approval_id
            , open_date
            , first_assign_date
            , workflow_current_step_name
            , extra_yn
            , reg_date
            , reg_user_id
		) VALUES (
	    	'Y'
	    	, cast(#{companySeq} as bigint)
	    	, #{request1Code}
	    	, #{request2Code}
	    	, #{request3Code}
	    	, #{assignSection}
	    	, #{assignSeq}
	    	, #{subjectName}
	    	, #{requestDescription}
	    	, #{description}
	    	, #{statusCode}
	    	, #{approvalId}
	    	, now()
	    	, now()
	    	, #{workflowCurrentStepName}
	    	, 'Y'
	    	, now()
	    	, #{regUserId}
	    )
	    <selectKey order="AFTER" keyProperty="ticketSeq" resultType="java.lang.Long">
			select currval('ticket_ticket_seq_seq')
		</selectKey>
	</insert>
	
	<update id="updateTicketAPIData" parameterType="kr.co.skinfosec.isap.drools.alarm.biz.dto.TicketAPIDTO">
		UPDATE ticket SET request_1_code = #{request1Code}      
			, request_2_code = #{request2Code}      
			, request_3_code = #{request3Code}      
			<if test="companySeq > 0">
				<![CDATA[ , company_seq = #{companySeq} ]]>
			</if>
			<if test='companyName != null and companyName != ""'>
				<![CDATA[ , company_name = #{companyName} ]]>
			</if>
			<if test='assignSection != null and assignSection != ""'>
				<![CDATA[ , assign_section = #{assignSection} ]]>
			</if>
			<if test='assignSeq != null and assignSeq != ""'>
				<![CDATA[ , assign_seq = #{assignSeq} ]]>
			</if>
			<if test='subjectName != null and subjectName != ""'>
				<![CDATA[ , subject_name = #{subjectName}  ]]>
			</if>
			<if test='requestDescription != null and requestDescription != ""'>
				<![CDATA[ , request_description = #{requestDescription}  ]]>
			</if>
			<if test='description != null and description != ""'>
				<![CDATA[ , description = #{description}  ]]>
			</if>
			<if test='statusCode != null and statusCode != ""'>
				<![CDATA[ , status_code = #{statusCode}  ]]>
			</if>
			<if test='statusCode != null and statusCode == "MT2UM4"'>
				<![CDATA[ , close_date = now()  ]]>
			</if>
			<if test='approvalId != null and approvalId != ""'>
				<![CDATA[ , approval_id = #{approvalId}  ]]>
			</if>
			<if test='workflowCurrentStepName != null and workflowCurrentStepName != ""'>
				<![CDATA[ , workflow_current_step_name = #{workflowCurrentStepName}  ]]>
			</if>
			, last_date=now()
			, mod_user_id = #{modUserId}
			, mod_date = now()
		 WHERE ticket_seq = #{ticketSeq}
	</update>
	
	<insert id="insertTicketHistoryData" parameterType="kr.co.skinfosec.isap.drools.alarm.biz.dto.TicketHistoryVO">
		INSERT INTO ticket_history(
            ticket_seq
            , current_event_id
            , current_event_name
            , current_event_member_id
            , incoming_flow_id
            , incoming_flow_name
            , incoming_source_id
            , incoming_target_id
            , outgoing_flow_id
            , outgoing_flow_name
            , outgoing_source_id
            , outgoing_target_id
            , outgoing_target_member_id
            , task_pk_seq
            , description
            , reg_date
            , reg_user_id
        <if test="totalApprovalLevel != null and totalApprovalLevel > 0">
			, total_approval_level
		</if>
		<if test="currentApprovalLevel != null and currentApprovalLevel > 0">
			, current_approval_level
		</if>
		) VALUES (
			#{ticketSeq}
			, #{currentEventId}
			, #{currentEventName}
			, #{currentEventMemberId}
			, #{incomingFlowId}
			, #{incomingFlowName}
			, #{incomingSourceId}
			, #{incomingTargetId}
			, #{outgoingFlowId}
			, #{outgoingFlowName}
			, #{outgoingSourceId}
			, #{outgoingTargetId}
			, #{outgoingTargetMemberId}
			, #{taskPkSeq}
			, #{description}
			, now()
			, #{regUsrId}
		<if test="totalApprovalLevel != null and totalApprovalLevel > 0">
			<![CDATA[ , #{totalApprovalLevel} ]]>
		</if>
		<if test="currentApprovalLevel != null and currentApprovalLevel > 0">
			<![CDATA[ , #{currentApprovalLevel} ]]>
		</if>
		)
		<selectKey order="AFTER" keyProperty="ticketHistorySeq" resultType="java.lang.Long">
			select currval('ticket_history_ticket_history_seq_seq')
		</selectKey>
	</insert>
	
	<select id="selectGetId" parameterType="java.lang.Long" resultType="java.lang.String">
		select user_id from member_info where member_seq = #{memberSeq}
	</select>
	
	<select id="selectCompanyName" parameterType="java.lang.Long" resultType="java.lang.String">
		select company_name from company_info 
		where company_seq = cast(#{companySeq} as bigint)
	</select>
	
	<select id="selectAPIStatusInfo" parameterType="kr.co.skinfosec.isap.drools.alarm.biz.dto.TicketAPIDTO" resultType="kr.co.skinfosec.isap.drools.alarm.biz.dto.TicketAPIDTO">
		SELECT
			a.ticket_seq as ticketSeq
			, a.status_code as statusCode
			, get_ticket_codename(a.status_code) as statusName
			, b.current_event_name as currentEventName
			, case
				when b.outgoing_target_id like 'exclusive%'
				then 'Y'
				else 'N'
			  end as nextChoiceStep
			, b.reg_date as regDate
		FROM ticket a, ticket_history b
		WHERE a.ticket_seq = b.ticket_seq
		AND a.request_1_code = #{request1Code}
		AND a.request_2_code = #{request2Code}
		AND a.request_3_code = #{request3Code}
		AND b.task_pk_seq = #{taskPkSeq}
		AND b.current_event_name != 'Start'
		GROUP BY a.ticket_seq, a.status_code, b.current_event_name, b.outgoing_target_id, b.reg_date
		ORDER BY b.reg_date desc
	</select>
	
	<select id="selectCheckOriginalTicketList" parameterType="kr.co.skinfosec.isap.drools.alarm.biz.dto.TicketAPIDTO" resultType="kr.co.skinfosec.isap.drools.alarm.biz.dto.TicketVO">
		/* Ticket.selectCheckTicketList - API */
			SELECT
				a.ticket_seq as ticketSeq
				, a.automation_yn as automationYn
				, a.company_seq as companySeq
				, a.company_name as companyName
				, a.request_1_code as request1Code
				, a.request_2_code as request2Code
				, a.request_3_code as request3Code
				, a.assign_section as assignSection
				, a.assign_seq as assignSeq
				, a.subject_name as subjectName
				, a.request_description as requestDescription
				, a.description as description
				, a.status_code as statusCode
				, a.approval_id as approvalId
				, a.priority_code as priorityCode
				, a.alert_section as alertSection
				, a.alert_strmmdd as alertStrmmdd
				, a.alert_strtime as alertStrtime
				, a.alert_mon_yn as alertMonYn
				, a.alert_tue_yn as alertTueYn
				, a.alert_wed_yn as alertWedYn
				, a.alert_thu_yn as alertThuYn
				, a.alert_fri_yn as alertFriYn
				, a.alert_sat_yn as alertSatYn
				, a.alert_sun_yn as alertSunYn
				, to_char(a.open_date, 'YYYY-MM-DD HH24:MI:SS') as openDate
				, to_char(a.first_assign_date, 'YYYY-MM-DD HH24:MI:SS') as firstAssignDate
				, to_char(a.last_date, 'YYYY-MM-DD HH24:MI:SS') as lastDate
				, to_char(a.close_date, 'YYYY-MM-DD HH24:MI:SS') as closeDate
				, to_char(a.due_date, 'YYYY-MM-DD HH24:MI:SS') as dueDate
				, to_char(a.reg_date, 'YYYY-MM-DD HH24:MI:SS') as regDate
				, a.reg_user_id as regUsrId
				, to_char(a.mod_date, 'YYYY-MM-DD HH24:MI:SS') as modDate
				, a.mod_user_id as modUsrId
				, a.workflow_current_step_name as workflowCurrentStepName
				, a.extra_yn as extraYn
				, a.result
				, a.alert_yn as alertYn
			FROM ticket a left outer join ticket_history b on a.ticket_seq = b.ticket_seq
			where a.ticket_seq = #{ticketSeq}
			GROUP BY a.ticket_seq, a.automation_yn, a.company_seq, a.company_name, a.request_1_code, a.request_2_code, a.request_3_code
					, a.assign_section, a.assign_seq, a.subject_name, a.request_description, a.description
					, a.status_code, a.approval_id, a.priority_code, a.open_date, a.first_assign_date, a.last_date, a.close_date, a.due_date
					, a.workflow_current_step_name, a.extra_yn, a.reg_date, a.reg_user_id, a.mod_date, a.mod_user_id
	</select>
	
	<update id="updateOriginalTicketAPIData" parameterType="kr.co.skinfosec.isap.drools.alarm.biz.dto.TicketAPIDTO">
		/* Ticket.updateTicketAPIData - API */
		UPDATE ticket SET last_date=now() 
			<if test="companySeq != null and companySeq > 0">
				<![CDATA[ , company_seq = #{companySeq} ]]>
			</if>
			<if test='companyName != null and companyName != ""'>
				<![CDATA[ , company_name = #{companyName} ]]>
			</if>
			<if test='assignSection != null and assignSection != ""'>
				<![CDATA[ , assign_section = #{assignSection} ]]>
			</if>
			<if test='assignSeq != null and assignSeq != ""'>
				<![CDATA[ , assign_seq = #{assignSeq} ]]>
			</if>
			<if test='subjectName != null and subjectName != ""'>
				<![CDATA[ , subject_name = #{subjectName}  ]]>
			</if>
			<if test='requestDescription != null and requestDescription != ""'>
				<![CDATA[ , request_description = #{requestDescription}  ]]>
			</if>
			<if test='description != null and description != ""'>
				<![CDATA[ , description = #{description}  ]]>
			</if>
			<if test='statusCode != null and statusCode != ""'>
				<![CDATA[ , status_code = #{statusCode}  ]]>
			</if>
			<if test='statusCode != null and statusCode == "MT2UM4"'>
				<![CDATA[ , close_date = now()  ]]>
			</if>
			<if test='approvalId != null and approvalId != ""'>
				<![CDATA[ , approval_id = #{approvalId}  ]]>
			</if>
			<if test='workflowCurrentStepName != null and workflowCurrentStepName != ""'>
				<![CDATA[ , workflow_current_step_name = #{workflowCurrentStepName}  ]]>
			</if>
			, mod_user_id = #{modUserId}
			, mod_date = now()
		 WHERE ticket_seq = #{ticketSeq}
	</update>
	
</mapper>